{"cameraMode":{"drawMode":0,"name":"Shaded","section":"Shading Mode"},"sceneLighting":false,"audioPlay":false,"sceneViewState":{"showFog":true,"showMaterialUpdate":false,"showSkybox":true,"showFlares":true,"showImageEffects":true,"showParticleSystems":true},"in2DMode":false,"pivot":{"x":0.09404408931732178,"y":0.021614037454128267,"z":-0.5529720783233643},"rotation":{"x":-0.007282265927642584,"y":0.36288273334503176,"z":-0.002837089356034994,"w":-0.9318020939826965},"size":3.275804281234741,"orthographic":false}